observation_date,IHLIDXUSTPCUSTSERV
2020-02-01,100.00
2020-02-02,100.06
2020-02-03,100.20
2020-02-04,100.25
2020-02-05,100.36
2020-02-06,100.60
2020-02-07,100.54
2020-02-08,100.60
2020-02-09,100.52
2020-02-10,100.43
2020-02-11,100.44
2020-02-12,100.46
2020-02-13,100.47
2020-02-14,100.46
2020-02-15,100.09
2020-02-16,99.84
2020-02-17,99.54
2020-02-18,99.20
2020-02-19,98.89
2020-02-20,98.59
2020-02-21,98.32
2020-02-22,98.25
2020-02-23,98.23
2020-02-24,98.29
2020-02-25,98.37
2020-02-26,98.30
2020-02-27,98.20
2020-02-28,98.19
2020-02-29,98.40
2020-03-01,98.52
2020-03-02,98.58
2020-03-03,98.62
2020-03-04,98.71
2020-03-05,98.81
2020-03-06,98.74
2020-03-07,98.49
2020-03-08,98.33
2020-03-09,98.09
2020-03-10,97.90
2020-03-11,97.75
2020-03-12,97.62
2020-03-13,97.57
2020-03-14,97.81
2020-03-15,97.85
2020-03-16,98.10
2020-03-17,97.80
2020-03-18,96.85
2020-03-19,95.74
2020-03-20,94.16
2020-03-21,91.49
2020-03-22,89.45
2020-03-23,87.16
2020-03-24,85.07
2020-03-25,83.39
2020-03-26,81.81
2020-03-27,80.46
2020-03-28,79.67
2020-03-29,78.38
2020-03-30,77.21
2020-03-31,76.15
2020-04-01,75.13
2020-04-02,73.99
2020-04-03,73.02
2020-04-04,71.80
2020-04-05,70.57
2020-04-06,69.37
2020-04-07,68.10
2020-04-08,66.99
2020-04-09,65.99
2020-04-10,65.01
2020-04-11,64.61
2020-04-12,64.16
2020-04-13,63.68
2020-04-14,63.34
2020-04-15,63.03
2020-04-16,62.61
2020-04-17,62.07
2020-04-18,61.39
2020-04-19,60.69
2020-04-20,60.13
2020-04-21,59.59
2020-04-22,59.02
2020-04-23,58.54
2020-04-24,58.21
2020-04-25,57.92
2020-04-26,57.69
2020-04-27,57.46
2020-04-28,57.29
2020-04-29,57.07
2020-04-30,56.80
2020-05-01,56.54
2020-05-02,56.35
2020-05-03,56.16
2020-05-04,55.90
2020-05-05,55.63
2020-05-06,55.50
2020-05-07,55.48
2020-05-08,55.60
2020-05-09,55.75
2020-05-10,55.92
2020-05-11,56.02
2020-05-12,56.41
2020-05-13,56.43
2020-05-14,56.48
2020-05-15,56.68
2020-05-16,56.58
2020-05-17,56.63
2020-05-18,56.81
2020-05-19,56.77
2020-05-20,57.26
2020-05-21,57.80
2020-05-22,58.19
2020-05-23,58.94
2020-05-24,59.42
2020-05-25,59.78
2020-05-26,60.11
2020-05-27,60.24
2020-05-28,60.37
2020-05-29,60.64
2020-05-30,60.96
2020-05-31,61.33
2020-06-01,61.68
2020-06-02,62.08
2020-06-03,62.59
2020-06-04,63.01
2020-06-05,63.39
2020-06-06,63.66
2020-06-07,63.96
2020-06-08,64.32
2020-06-09,64.75
2020-06-10,65.04
2020-06-11,65.40
2020-06-12,65.66
2020-06-13,65.83
2020-06-14,66.15
2020-06-15,66.44
2020-06-16,66.64
2020-06-17,67.00
2020-06-18,67.27
2020-06-19,67.73
2020-06-20,68.32
2020-06-21,68.93
2020-06-22,69.54
2020-06-23,70.03
2020-06-24,70.44
2020-06-25,70.96
2020-06-26,71.32
2020-06-27,71.69
2020-06-28,71.88
2020-06-29,72.07
2020-06-30,72.49
2020-07-01,72.95
2020-07-02,73.40
2020-07-03,73.65
2020-07-04,73.76
2020-07-05,73.93
2020-07-06,74.14
2020-07-07,74.27
2020-07-08,74.39
2020-07-09,74.65
2020-07-10,75.06
2020-07-11,75.58
2020-07-12,76.05
2020-07-13,76.45
2020-07-14,76.89
2020-07-15,77.19
2020-07-16,77.35
2020-07-17,77.49
2020-07-18,77.38
2020-07-19,77.58
2020-07-20,77.86
2020-07-21,78.07
2020-07-22,78.33
2020-07-23,78.57
2020-07-24,78.88
2020-07-25,79.32
2020-07-26,79.57
2020-07-27,79.68
2020-07-28,79.84
2020-07-29,79.99
2020-07-30,80.13
2020-07-31,80.30
2020-08-01,80.55
2020-08-02,80.70
2020-08-03,80.94
2020-08-04,81.07
2020-08-05,81.19
2020-08-06,81.34
2020-08-07,81.36
2020-08-08,81.42
2020-08-09,81.40
2020-08-10,81.36
2020-08-11,81.38
2020-08-12,81.36
2020-08-13,81.28
2020-08-14,81.34
2020-08-15,80.97
2020-08-16,81.07
2020-08-17,81.15
2020-08-18,81.28
2020-08-19,81.48
2020-08-20,81.77
2020-08-21,82.00
2020-08-22,82.54
2020-08-23,82.70
2020-08-24,82.88
2020-08-25,83.08
2020-08-26,83.26
2020-08-27,83.32
2020-08-28,83.42
2020-08-29,83.63
2020-08-30,83.79
2020-08-31,83.99
2020-09-01,84.14
2020-09-02,84.34
2020-09-03,84.63
2020-09-04,84.91
2020-09-05,85.05
2020-09-06,85.30
2020-09-07,85.55
2020-09-08,85.71
2020-09-09,85.86
2020-09-10,86.00
2020-09-11,86.25
2020-09-12,86.56
2020-09-13,86.63
2020-09-14,86.62
2020-09-15,86.72
2020-09-16,86.79
2020-09-17,86.92
2020-09-18,86.99
2020-09-19,86.93
2020-09-20,87.17
2020-09-21,87.42
2020-09-22,87.77
2020-09-23,88.05
2020-09-24,88.23
2020-09-25,88.27
2020-09-26,88.34
2020-09-27,88.29
2020-09-28,88.39
2020-09-29,88.34
2020-09-30,88.42
2020-10-01,88.43
2020-10-02,88.50
2020-10-03,88.67
2020-10-04,88.87
2020-10-05,88.94
2020-10-06,88.97
2020-10-07,88.95
2020-10-08,89.05
2020-10-09,89.08
2020-10-10,89.27
2020-10-11,89.41
2020-10-12,89.47
2020-10-13,89.59
2020-10-14,89.69
2020-10-15,89.88
2020-10-16,89.94
2020-10-17,89.67
2020-10-18,89.70
2020-10-19,89.94
2020-10-20,90.16
2020-10-21,90.45
2020-10-22,90.65
2020-10-23,90.94
2020-10-24,91.41
2020-10-25,91.55
2020-10-26,91.68
2020-10-27,91.82
2020-10-28,91.89
2020-10-29,91.92
2020-10-30,91.95
2020-10-31,91.93
2020-11-01,91.96
2020-11-02,91.97
2020-11-03,92.07
2020-11-04,92.13
2020-11-05,92.17
2020-11-06,92.23
2020-11-07,92.36
2020-11-08,92.50
2020-11-09,92.53
2020-11-10,92.55
2020-11-11,92.59
2020-11-12,92.57
2020-11-13,92.62
2020-11-14,92.33
2020-11-15,92.33
2020-11-16,92.44
2020-11-17,92.43
2020-11-18,92.49
2020-11-19,92.52
2020-11-20,92.53
2020-11-21,92.87
2020-11-22,92.97
2020-11-23,93.04
2020-11-24,93.10
2020-11-25,93.10
2020-11-26,93.17
2020-11-27,93.20
2020-11-28,93.19
2020-11-29,93.04
2020-11-30,92.86
2020-12-01,92.70
2020-12-02,92.63
2020-12-03,92.76
2020-12-04,92.85
2020-12-05,92.97
2020-12-06,93.04
2020-12-07,93.13
2020-12-08,93.18
2020-12-09,93.16
2020-12-10,92.97
2020-12-11,92.79
2020-12-12,92.46
2020-12-13,92.45
2020-12-14,92.44
2020-12-15,91.96
2020-12-16,92.03
2020-12-17,91.99
2020-12-18,91.76
2020-12-19,91.85
2020-12-20,91.83
2020-12-21,91.89
2020-12-22,92.32
2020-12-23,92.15
2020-12-24,92.01
2020-12-25,92.00
2020-12-26,91.99
2020-12-27,91.81
2020-12-28,91.25
2020-12-29,90.85
2020-12-30,90.84
2020-12-31,90.61
2021-01-01,90.58
2021-01-02,90.40
2021-01-03,90.23
2021-01-04,90.47
2021-01-05,89.97
2021-01-06,90.09
2021-01-07,90.14
2021-01-08,90.56
2021-01-09,90.89
2021-01-10,91.56
2021-01-11,92.02
2021-01-12,93.33
2021-01-13,93.69
2021-01-14,94.51
2021-01-15,94.85
2021-01-16,95.34
2021-01-17,95.57
2021-01-18,95.82
2021-01-19,96.02
2021-01-20,96.29
2021-01-21,96.38
2021-01-22,96.46
2021-01-23,96.38
2021-01-24,96.58
2021-01-25,96.78
2021-01-26,96.83
2021-01-27,96.88
2021-01-28,97.04
2021-01-29,96.00
2021-01-30,96.24
2021-01-31,96.24
2021-02-01,96.41
2021-02-02,96.77
2021-02-03,96.72
2021-02-04,96.93
2021-02-05,98.50
2021-02-06,98.81
2021-02-07,99.20
2021-02-08,99.57
2021-02-09,99.79
2021-02-10,100.42
2021-02-11,100.77
2021-02-12,100.99
2021-02-13,101.32
2021-02-14,101.58
2021-02-15,101.83
2021-02-16,102.10
2021-02-17,102.29
2021-02-18,102.45
2021-02-19,102.65
2021-02-20,102.64
2021-02-21,102.70
2021-02-22,102.76
2021-02-23,102.81
2021-02-24,102.98
2021-02-25,102.69
2021-02-26,102.91
2021-02-27,103.23
2021-02-28,103.50
2021-03-01,103.68
2021-03-02,103.88
2021-03-03,104.07
2021-03-04,104.80
2021-03-05,105.02
2021-03-06,105.30
2021-03-07,105.73
2021-03-08,106.04
2021-03-09,106.37
2021-03-10,106.62
2021-03-11,106.98
2021-03-12,107.38
2021-03-13,107.94
2021-03-14,108.23
2021-03-15,108.53
2021-03-16,109.03
2021-03-17,109.45
2021-03-18,110.02
2021-03-19,110.61
2021-03-20,111.01
2021-03-21,111.49
2021-03-22,112.21
2021-03-23,112.87
2021-03-24,113.61
2021-03-25,114.12
2021-03-26,114.60
2021-03-27,115.19
2021-03-28,115.74
2021-03-29,116.21
2021-03-30,116.72
2021-03-31,117.25
2021-04-01,117.62
2021-04-02,117.98
2021-04-03,118.34
2021-04-04,118.73
2021-04-05,119.11
2021-04-06,119.38
2021-04-07,119.63
2021-04-08,119.87
2021-04-09,120.23
2021-04-10,120.56
2021-04-11,120.74
2021-04-12,121.05
2021-04-13,121.35
2021-04-14,121.79
2021-04-15,122.41
2021-04-16,122.83
2021-04-17,123.30
2021-04-18,124.09
2021-04-19,124.62
2021-04-20,125.14
2021-04-21,125.64
2021-04-22,126.23
2021-04-23,126.87
2021-04-24,127.47
2021-04-25,127.80
2021-04-26,128.22
2021-04-27,128.62
2021-04-28,128.92
2021-04-29,128.95
2021-04-30,128.93
2021-05-01,128.88
2021-05-02,128.81
2021-05-03,128.88
2021-05-04,128.93
2021-05-05,128.95
2021-05-06,129.15
2021-05-07,128.93
2021-05-08,129.20
2021-05-09,129.53
2021-05-10,129.68
2021-05-11,129.98
2021-05-12,130.45
2021-05-13,130.71
2021-05-14,131.37
2021-05-15,131.48
2021-05-16,131.61
2021-05-17,131.83
2021-05-18,131.93
2021-05-19,131.91
2021-05-20,132.12
2021-05-21,131.55
2021-05-22,131.21
2021-05-23,131.28
2021-05-24,131.15
2021-05-25,131.23
2021-05-26,131.15
2021-05-27,131.21
2021-05-28,132.09
2021-05-29,132.82
2021-05-30,133.25
2021-05-31,133.83
2021-06-01,133.94
2021-06-02,134.13
2021-06-03,134.36
2021-06-04,134.61
2021-06-05,134.88
2021-06-06,135.11
2021-06-07,135.28
2021-06-08,135.67
2021-06-09,136.16
2021-06-10,136.44
2021-06-11,136.87
2021-06-12,137.28
2021-06-13,137.63
2021-06-14,138.08
2021-06-15,138.62
2021-06-16,138.98
2021-06-17,138.31
2021-06-18,137.47
2021-06-19,137.56
2021-06-20,137.60
2021-06-21,137.74
2021-06-22,137.77
2021-06-23,137.97
2021-06-24,139.14
2021-06-25,140.29
2021-06-26,140.51
2021-06-27,140.78
2021-06-28,140.96
2021-06-29,141.17
2021-06-30,141.33
2021-07-01,141.48
2021-07-02,141.53
2021-07-03,141.62
2021-07-04,141.52
2021-07-05,141.36
2021-07-06,141.17
2021-07-07,140.91
2021-07-08,140.75
2021-07-09,140.68
2021-07-10,140.44
2021-07-11,140.36
2021-07-12,140.31
2021-07-13,140.28
2021-07-14,140.20
2021-07-15,140.13
2021-07-16,140.05
2021-07-17,139.99
2021-07-18,140.12
2021-07-19,140.26
2021-07-20,140.47
2021-07-21,140.28
2021-07-22,139.68
2021-07-23,139.29
2021-07-24,138.95
2021-07-25,138.03
2021-07-26,137.17
2021-07-27,136.34
2021-07-28,135.95
2021-07-29,135.74
2021-07-30,135.14
2021-07-31,134.79
2021-08-01,134.82
2021-08-02,134.76
2021-08-03,134.51
2021-08-04,134.37
2021-08-05,134.35
2021-08-06,134.63
2021-08-07,134.54
2021-08-08,134.59
2021-08-09,134.64
2021-08-10,134.79
2021-08-11,134.92
2021-08-12,135.10
2021-08-13,135.21
2021-08-14,135.45
2021-08-15,135.61
2021-08-16,135.78
2021-08-17,136.10
2021-08-18,136.22
2021-08-19,136.38
2021-08-20,136.50
2021-08-21,136.63
2021-08-22,136.79
2021-08-23,136.90
2021-08-24,136.76
2021-08-25,136.98
2021-08-26,137.09
2021-08-27,137.18
2021-08-28,137.31
2021-08-29,137.48
2021-08-30,137.59
2021-08-31,137.78
2021-09-01,137.76
2021-09-02,137.75
2021-09-03,137.79
2021-09-04,137.72
2021-09-05,137.66
2021-09-06,137.79
2021-09-07,137.85
2021-09-08,137.99
2021-09-09,138.12
2021-09-10,138.24
2021-09-11,138.51
2021-09-12,138.73
2021-09-13,138.75
2021-09-14,138.92
2021-09-15,139.03
2021-09-16,139.04
2021-09-17,139.11
2021-09-18,139.15
2021-09-19,139.21
2021-09-20,139.37
2021-09-21,139.44
2021-09-22,139.63
2021-09-23,139.56
2021-09-24,139.42
2021-09-25,138.26
2021-09-26,137.88
2021-09-27,136.88
2021-09-28,136.51
2021-09-29,135.32
2021-09-30,135.19
2021-10-01,135.15
2021-10-02,136.11
2021-10-03,136.29
2021-10-04,137.08
2021-10-05,137.22
2021-10-06,138.26
2021-10-07,138.64
2021-10-08,139.01
2021-10-09,139.31
2021-10-10,138.98
2021-10-11,138.72
2021-10-12,137.87
2021-10-13,136.80
2021-10-14,135.74
2021-10-15,135.07
2021-10-16,133.92
2021-10-17,133.84
2021-10-18,133.74
2021-10-19,134.35
2021-10-20,134.10
2021-10-21,135.05
2021-10-22,135.51
2021-10-23,136.52
2021-10-24,137.00
2021-10-25,137.46
2021-10-26,137.88
2021-10-27,139.17
2021-10-28,139.27
2021-10-29,139.36
2021-10-30,139.55
2021-10-31,139.65
2021-11-01,139.80
2021-11-02,139.91
2021-11-03,140.02
2021-11-04,140.02
2021-11-05,140.11
2021-11-06,139.86
2021-11-07,139.93
2021-11-08,140.01
2021-11-09,140.00
2021-11-10,140.10
2021-11-11,140.40
2021-11-12,140.52
2021-11-13,140.13
2021-11-14,139.55
2021-11-15,139.64
2021-11-16,139.88
2021-11-17,140.06
2021-11-18,140.07
2021-11-19,139.97
2021-11-20,140.72
2021-11-21,141.77
2021-11-22,142.12
2021-11-23,141.63
2021-11-24,141.08
2021-11-25,140.55
2021-11-26,140.16
2021-11-27,139.78
2021-11-28,139.10
2021-11-29,138.42
2021-11-30,138.53
2021-12-01,139.19
2021-12-02,140.00
2021-12-03,140.71
2021-12-04,141.61
2021-12-05,142.46
2021-12-06,143.31
2021-12-07,143.76
2021-12-08,143.88
2021-12-09,143.99
2021-12-10,144.23
2021-12-11,143.96
2021-12-12,143.63
2021-12-13,143.51
2021-12-14,143.89
2021-12-15,143.33
2021-12-16,142.57
2021-12-17,142.30
2021-12-18,141.91
2021-12-19,141.59
2021-12-20,141.21
2021-12-21,140.80
2021-12-22,140.85
2021-12-23,140.86
2021-12-24,140.42
2021-12-25,140.08
2021-12-26,139.75
2021-12-27,139.74
2021-12-28,139.81
2021-12-29,139.92
2021-12-30,140.10
2021-12-31,140.24
2022-01-01,140.55
2022-01-02,140.75
2022-01-03,140.47
2022-01-04,140.12
2022-01-05,139.51
2022-01-06,139.12
2022-01-07,139.00
2022-01-08,138.75
2022-01-09,138.36
2022-01-10,138.23
2022-01-11,138.09
2022-01-12,138.26
2022-01-13,138.30
2022-01-14,138.00
2022-01-15,137.91
2022-01-16,138.08
2022-01-17,137.86
2022-01-18,137.72
2022-01-19,137.71
2022-01-20,137.48
2022-01-21,137.39
2022-01-22,137.27
2022-01-23,137.23
2022-01-24,137.32
2022-01-25,137.39
2022-01-26,137.57
2022-01-27,137.94
2022-01-28,138.25
2022-01-29,138.60
2022-01-30,138.90
2022-01-31,139.23
2022-02-01,139.39
2022-02-02,139.48
2022-02-03,139.53
2022-02-04,139.60
2022-02-05,139.61
2022-02-06,139.58
2022-02-07,139.54
2022-02-08,139.56
2022-02-09,139.64
2022-02-10,139.79
2022-02-11,139.84
2022-02-12,139.96
2022-02-13,139.98
2022-02-14,139.94
2022-02-15,140.69
2022-02-16,141.47
2022-02-17,141.41
2022-02-18,141.51
2022-02-19,141.30
2022-02-20,141.36
2022-02-21,141.43
2022-02-22,140.64
2022-02-23,139.76
2022-02-24,139.75
2022-02-25,139.71
2022-02-26,139.97
2022-02-27,139.92
2022-02-28,139.91
2022-03-01,139.90
2022-03-02,139.91
2022-03-03,139.84
2022-03-04,139.77
2022-03-05,139.53
2022-03-06,139.55
2022-03-07,139.59
2022-03-08,139.75
2022-03-09,139.90
2022-03-10,139.94
2022-03-11,139.94
2022-03-12,140.09
2022-03-13,140.14
2022-03-14,140.06
2022-03-15,139.92
2022-03-16,139.95
2022-03-17,140.10
2022-03-18,140.32
2022-03-19,140.47
2022-03-20,140.46
2022-03-21,140.57
2022-03-22,140.89
2022-03-23,140.88
2022-03-24,140.98
2022-03-25,140.93
2022-03-26,140.78
2022-03-27,140.82
2022-03-28,140.82
2022-03-29,140.62
2022-03-30,140.70
2022-03-31,140.55
2022-04-01,140.46
2022-04-02,140.50
2022-04-03,140.40
2022-04-04,140.35
2022-04-05,140.22
2022-04-06,139.92
2022-04-07,139.67
2022-04-08,139.41
2022-04-09,139.16
2022-04-10,138.90
2022-04-11,138.65
2022-04-12,138.39
2022-04-13,138.14
2022-04-14,137.88
2022-04-15,137.75
2022-04-16,137.66
2022-04-17,137.56
2022-04-18,137.49
2022-04-19,137.51
2022-04-20,137.48
2022-04-21,137.63
2022-04-22,138.15
2022-04-23,138.73
2022-04-24,138.74
2022-04-25,138.70
2022-04-26,138.69
2022-04-27,138.45
2022-04-28,138.38
2022-04-29,137.81
2022-04-30,137.09
2022-05-01,137.13
2022-05-02,137.02
2022-05-03,136.90
2022-05-04,137.17
2022-05-05,136.92
2022-05-06,136.80
2022-05-07,136.78
2022-05-08,136.58
2022-05-09,136.63
2022-05-10,136.58
2022-05-11,136.47
2022-05-12,136.74
2022-05-13,136.75
2022-05-14,136.68
2022-05-15,136.67
2022-05-16,136.61
2022-05-17,136.56
2022-05-18,136.67
2022-05-19,136.65
2022-05-20,136.78
2022-05-21,136.69
2022-05-22,136.78
2022-05-23,136.94
2022-05-24,137.04
2022-05-25,136.93
2022-05-26,136.70
2022-05-27,136.52
2022-05-28,136.64
2022-05-29,136.59
2022-05-30,136.48
2022-05-31,136.34
2022-06-01,136.19
2022-06-02,136.18
2022-06-03,136.18
2022-06-04,136.12
2022-06-05,136.01
2022-06-06,135.87
2022-06-07,135.85
2022-06-08,135.87
2022-06-09,135.82
2022-06-10,135.64
2022-06-11,135.43
2022-06-12,135.20
2022-06-13,134.97
2022-06-14,134.89
2022-06-15,134.68
2022-06-16,134.45
2022-06-17,134.35
2022-06-18,134.28
2022-06-19,134.30
2022-06-20,134.28
2022-06-21,134.13
2022-06-22,134.06
2022-06-23,134.00
2022-06-24,133.84
2022-06-25,133.51
2022-06-26,133.29
2022-06-27,133.04
2022-06-28,132.95
2022-06-29,132.92
2022-06-30,132.89
2022-07-01,132.79
2022-07-02,132.84
2022-07-03,132.72
2022-07-04,132.60
2022-07-05,132.28
2022-07-06,131.90
2022-07-07,131.57
2022-07-08,131.37
2022-07-09,131.03
2022-07-10,130.75
2022-07-11,130.54
2022-07-12,130.36
2022-07-13,130.18
2022-07-14,129.94
2022-07-15,129.72
2022-07-16,129.67
2022-07-17,129.63
2022-07-18,129.56
2022-07-19,129.57
2022-07-20,129.48
2022-07-21,129.40
2022-07-22,129.52
2022-07-23,129.44
2022-07-24,129.49
2022-07-25,129.53
2022-07-26,129.51
2022-07-27,129.62
2022-07-28,129.77
2022-07-29,129.62
2022-07-30,129.74
2022-07-31,129.65
2022-08-01,129.66
2022-08-02,129.63
2022-08-03,129.59
2022-08-04,129.50
2022-08-05,129.56
2022-08-06,129.54
2022-08-07,129.48
2022-08-08,129.32
2022-08-09,129.10
2022-08-10,128.93
2022-08-11,128.76
2022-08-12,128.55
2022-08-13,128.20
2022-08-14,128.04
2022-08-15,127.91
2022-08-16,127.80
2022-08-17,127.59
2022-08-18,127.35
2022-08-19,127.22
2022-08-20,127.31
2022-08-21,127.30
2022-08-22,127.28
2022-08-23,127.29
2022-08-24,127.42
2022-08-25,127.64
2022-08-26,127.71
2022-08-27,127.71
2022-08-28,127.65
2022-08-29,127.64
2022-08-30,127.70
2022-08-31,127.64
2022-09-01,127.54
2022-09-02,127.45
2022-09-03,127.42
2022-09-04,127.40
2022-09-05,127.37
2022-09-06,127.25
2022-09-07,127.09
2022-09-08,127.01
2022-09-09,127.05
2022-09-10,127.09
2022-09-11,127.11
2022-09-12,127.20
2022-09-13,127.25
2022-09-14,127.43
2022-09-15,127.60
2022-09-16,127.67
2022-09-17,127.73
2022-09-18,127.85
2022-09-19,127.87
2022-09-20,127.95
2022-09-21,128.00
2022-09-22,127.96
2022-09-23,127.90
2022-09-24,127.84
2022-09-25,127.73
2022-09-26,127.62
2022-09-27,127.51
2022-09-28,127.39
2022-09-29,127.27
2022-09-30,127.20
2022-10-01,127.16
2022-10-02,127.13
2022-10-03,127.21
2022-10-04,127.24
2022-10-05,127.28
2022-10-06,127.28
2022-10-07,127.31
2022-10-08,127.32
2022-10-09,127.25
2022-10-10,127.12
2022-10-11,127.06
2022-10-12,126.87
2022-10-13,126.85
2022-10-14,126.82
2022-10-15,126.89
2022-10-16,127.02
2022-10-17,127.11
2022-10-18,127.30
2022-10-19,127.57
2022-10-20,127.75
2022-10-21,127.93
2022-10-22,127.72
2022-10-23,127.69
2022-10-24,127.73
2022-10-25,127.70
2022-10-26,127.61
2022-10-27,127.58
2022-10-28,127.44
2022-10-29,127.58
2022-10-30,127.55
2022-10-31,127.48
2022-11-01,127.29
2022-11-02,127.23
2022-11-03,127.13
2022-11-04,127.12
2022-11-05,127.06
2022-11-06,126.95
2022-11-07,126.87
2022-11-08,126.87
2022-11-09,126.80
2022-11-10,126.65
2022-11-11,126.42
2022-11-12,126.22
2022-11-13,126.04
2022-11-14,125.90
2022-11-15,125.83
2022-11-16,125.79
2022-11-17,125.73
2022-11-18,125.70
2022-11-19,125.60
2022-11-20,125.58
2022-11-21,125.52
2022-11-22,125.39
2022-11-23,125.20
2022-11-24,125.05
2022-11-25,124.87
2022-11-26,124.76
2022-11-27,124.54
2022-11-28,124.27
2022-11-29,124.14
2022-11-30,124.09
2022-12-01,124.06
2022-12-02,123.93
2022-12-03,123.55
2022-12-04,123.32
2022-12-05,123.14
2022-12-06,122.87
2022-12-07,122.48
2022-12-08,121.94
2022-12-09,121.85
2022-12-10,121.88
2022-12-11,121.86
2022-12-12,121.73
2022-12-13,121.75
2022-12-14,121.96
2022-12-15,122.45
2022-12-16,122.57
2022-12-17,123.10
2022-12-18,123.56
2022-12-19,124.10
2022-12-20,124.48
2022-12-21,124.73
2022-12-22,124.82
2022-12-23,124.02
2022-12-24,122.90
2022-12-25,121.76
2022-12-26,120.68
2022-12-27,119.52
2022-12-28,118.36
2022-12-29,117.29
2022-12-30,117.14
2022-12-31,116.99
2023-01-01,116.78
2023-01-02,116.62
2023-01-03,116.48
2023-01-04,116.15
2023-01-05,115.88
2023-01-06,115.69
2023-01-07,115.64
2023-01-08,115.76
2023-01-09,115.63
2023-01-10,115.62
2023-01-11,115.83
2023-01-12,115.93
2023-01-13,116.02
2023-01-14,115.96
2023-01-15,115.81
2023-01-16,115.88
2023-01-17,115.83
2023-01-18,115.81
2023-01-19,115.87
2023-01-20,115.91
2023-01-21,115.94
2023-01-22,116.01
2023-01-23,115.99
2023-01-24,116.06
2023-01-25,116.00
2023-01-26,115.77
2023-01-27,115.51
2023-01-28,115.42
2023-01-29,115.16
2023-01-30,114.97
2023-01-31,114.77
2023-02-01,114.57
2023-02-02,114.41
2023-02-03,114.29
2023-02-04,114.08
2023-02-05,113.95
2023-02-06,113.80
2023-02-07,113.63
2023-02-08,113.24
2023-02-09,113.03
2023-02-10,112.83
2023-02-11,112.54
2023-02-12,112.24
2023-02-13,111.94
2023-02-14,111.68
2023-02-15,111.96
2023-02-16,112.08
2023-02-17,112.15
2023-02-18,112.01
2023-02-19,112.14
2023-02-20,112.26
2023-02-21,112.34
2023-02-22,112.16
2023-02-23,112.12
2023-02-24,111.85
2023-02-25,111.88
2023-02-26,111.62
2023-02-27,111.47
2023-02-28,111.10
2023-03-01,110.54
2023-03-02,110.25
2023-03-03,110.16
2023-03-04,110.05
2023-03-05,109.98
2023-03-06,109.87
2023-03-07,109.90
2023-03-08,109.39
2023-03-09,108.64
2023-03-10,108.36
2023-03-11,108.13
2023-03-12,107.91
2023-03-13,107.62
2023-03-14,107.38
2023-03-15,107.94
2023-03-16,108.37
2023-03-17,108.42
2023-03-18,108.48
2023-03-19,108.53
2023-03-20,108.47
2023-03-21,108.49
2023-03-22,108.59
2023-03-23,108.64
2023-03-24,108.62
2023-03-25,108.42
2023-03-26,108.27
2023-03-27,108.20
2023-03-28,108.06
2023-03-29,107.78
2023-03-30,107.68
2023-03-31,107.58
2023-04-01,107.96
2023-04-02,108.33
2023-04-03,108.54
2023-04-04,108.95
2023-04-05,109.39
2023-04-06,109.75
2023-04-07,110.15
2023-04-08,110.19
2023-04-09,110.19
2023-04-10,110.35
2023-04-11,110.39
2023-04-12,110.42
2023-04-13,110.36
2023-04-14,110.20
2023-04-15,109.96
2023-04-16,109.93
2023-04-17,109.93
2023-04-18,109.85
2023-04-19,109.75
2023-04-20,109.72
2023-04-21,109.77
2023-04-22,109.98
2023-04-23,109.95
2023-04-24,109.87
2023-04-25,109.79
2023-04-26,109.69
2023-04-27,109.64
2023-04-28,109.53
2023-04-29,109.37
2023-04-30,109.21
2023-05-01,109.02
2023-05-02,109.01
2023-05-03,108.87
2023-05-04,108.58
2023-05-05,108.79
2023-05-06,108.98
2023-05-07,109.18
2023-05-08,109.42
2023-05-09,109.50
2023-05-10,109.77
2023-05-11,110.11
2023-05-12,109.63
2023-05-13,109.58
2023-05-14,109.54
2023-05-15,109.50
2023-05-16,109.49
2023-05-17,109.53
2023-05-18,109.67
2023-05-19,110.07
2023-05-20,110.09
2023-05-21,110.18
2023-05-22,110.26
2023-05-23,110.21
2023-05-24,110.05
2023-05-25,109.89
2023-05-26,109.83
2023-05-27,109.72
2023-05-28,109.57
2023-05-29,109.48
2023-05-30,109.44
2023-05-31,109.38
2023-06-01,109.19
2023-06-02,109.10
2023-06-03,108.94
2023-06-04,108.77
2023-06-05,108.59
2023-06-06,108.39
2023-06-07,108.21
2023-06-08,108.06
2023-06-09,107.80
2023-06-10,107.56
2023-06-11,107.39
2023-06-12,107.20
2023-06-13,107.09
2023-06-14,107.07
2023-06-15,107.03
2023-06-16,106.94
2023-06-17,106.89
2023-06-18,106.81
2023-06-19,106.69
2023-06-20,106.63
2023-06-21,106.52
2023-06-22,106.47
2023-06-23,106.43
2023-06-24,106.45
2023-06-25,106.51
2023-06-26,106.54
2023-06-27,106.59
2023-06-28,106.56
2023-06-29,106.52
2023-06-30,106.45
2023-07-01,106.40
2023-07-02,106.21
2023-07-03,106.06
2023-07-04,105.85
2023-07-05,105.80
2023-07-06,105.61
2023-07-07,105.52
2023-07-08,105.44
2023-07-09,105.30
2023-07-10,105.13
2023-07-11,104.98
2023-07-12,104.72
2023-07-13,104.65
2023-07-14,104.58
2023-07-15,104.44
2023-07-16,104.51
2023-07-17,104.58
2023-07-18,104.60
2023-07-19,104.64
2023-07-20,104.70
2023-07-21,104.72
2023-07-22,104.45
2023-07-23,104.33
2023-07-24,104.26
2023-07-25,104.17
2023-07-26,104.10
2023-07-27,103.99
2023-07-28,103.90
2023-07-29,104.11
2023-07-30,104.05
2023-07-31,103.99
2023-08-01,104.01
2023-08-02,104.01
2023-08-03,104.01
2023-08-04,104.11
2023-08-05,104.19
2023-08-06,104.26
2023-08-07,104.32
2023-08-08,104.36
2023-08-09,104.44
2023-08-10,104.54
2023-08-11,104.56
2023-08-12,104.58
2023-08-13,104.68
2023-08-14,104.77
2023-08-15,104.87
2023-08-16,104.95
2023-08-17,104.99
2023-08-18,104.99
2023-08-19,105.08
2023-08-20,105.22
2023-08-21,105.40
2023-08-22,105.53
2023-08-23,105.60
2023-08-24,105.71
2023-08-25,105.84
2023-08-26,105.87
2023-08-27,105.81
2023-08-28,105.73
2023-08-29,105.65
2023-08-30,105.63
2023-08-31,105.56
2023-09-01,105.48
2023-09-02,105.49
2023-09-03,105.44
2023-09-04,105.47
2023-09-05,105.48
2023-09-06,105.44
2023-09-07,105.44
2023-09-08,105.45
2023-09-09,105.38
2023-09-10,105.39
2023-09-11,105.36
2023-09-12,105.46
2023-09-13,105.46
2023-09-14,105.43
2023-09-15,105.40
2023-09-16,105.38
2023-09-17,105.19
2023-09-18,104.97
2023-09-19,104.63
2023-09-20,104.46
2023-09-21,104.30
2023-09-22,104.13
2023-09-23,103.95
2023-09-24,103.93
2023-09-25,103.96
2023-09-26,104.04
2023-09-27,104.02
2023-09-28,104.03
2023-09-29,103.96
2023-09-30,103.83
2023-10-01,103.81
2023-10-02,103.74
2023-10-03,103.58
2023-10-04,103.59
2023-10-05,103.50
2023-10-06,103.53
2023-10-07,103.67
2023-10-08,103.62
2023-10-09,103.54
2023-10-10,103.57
2023-10-11,103.54
2023-10-12,103.44
2023-10-13,103.24
2023-10-14,103.01
2023-10-15,102.94
2023-10-16,102.83
2023-10-17,102.60
2023-10-18,102.42
2023-10-19,102.45
2023-10-20,102.51
2023-10-21,102.48
2023-10-22,102.45
2023-10-23,102.48
2023-10-24,102.49
2023-10-25,102.52
2023-10-26,102.48
2023-10-27,102.44
2023-10-28,102.57
2023-10-29,102.56
2023-10-30,102.63
2023-10-31,102.73
2023-11-01,102.75
2023-11-02,102.66
2023-11-03,102.60
2023-11-04,102.52
2023-11-05,102.41
2023-11-06,102.17
2023-11-07,101.99
2023-11-08,101.79
2023-11-09,101.73
2023-11-10,101.61
2023-11-11,101.47
2023-11-12,101.37
2023-11-13,101.33
2023-11-14,101.32
2023-11-15,101.28
2023-11-16,101.19
2023-11-17,101.22
2023-11-18,101.17
2023-11-19,101.23
2023-11-20,101.26
2023-11-21,101.21
2023-11-22,101.09
2023-11-23,101.02
2023-11-24,100.91
2023-11-25,100.90
2023-11-26,100.80
2023-11-27,100.77
2023-11-28,100.83
2023-11-29,101.02
2023-11-30,101.13
2023-12-01,101.24
2023-12-02,101.36
2023-12-03,101.49
2023-12-04,101.58
2023-12-05,101.59
2023-12-06,101.53
2023-12-07,101.45
2023-12-08,101.56
2023-12-09,101.56
2023-12-10,101.70
2023-12-11,101.87
2023-12-12,101.95
2023-12-13,102.11
2023-12-14,102.40
2023-12-15,102.28
2023-12-16,102.28
2023-12-17,101.96
2023-12-18,101.64
2023-12-19,101.39
2023-12-20,101.14
2023-12-21,100.85
2023-12-22,100.68
2023-12-23,100.25
2023-12-24,100.14
2023-12-25,100.09
2023-12-26,100.16
2023-12-27,100.06
2023-12-28,99.81
2023-12-29,99.64
2023-12-30,99.66
2023-12-31,99.41
2024-01-01,98.99
2024-01-02,98.55
2024-01-03,98.28
2024-01-04,98.21
2024-01-05,98.30
2024-01-06,98.35
2024-01-07,98.47
2024-01-08,98.67
2024-01-09,98.90
2024-01-10,99.06
2024-01-11,99.09
2024-01-12,98.99
2024-01-13,98.87
2024-01-14,98.92
2024-01-15,98.97
2024-01-16,98.84
2024-01-17,98.87
2024-01-18,98.83
2024-01-19,98.79
2024-01-20,98.85
2024-01-21,98.83
2024-01-22,98.82
2024-01-23,98.88
2024-01-24,98.63
2024-01-25,98.42
2024-01-26,98.32
2024-01-27,98.38
2024-01-28,98.42
2024-01-29,98.41
2024-01-30,98.39
2024-01-31,98.38
2024-02-01,98.36
2024-02-02,98.31
2024-02-03,98.14
2024-02-04,97.93
2024-02-05,97.72
2024-02-06,97.55
2024-02-07,97.56
2024-02-08,97.60
2024-02-09,97.56
2024-02-10,97.43
2024-02-11,97.32
2024-02-12,97.27
2024-02-13,97.22
2024-02-14,97.25
2024-02-15,97.32
2024-02-16,97.34
2024-02-17,97.07
2024-02-18,97.08
2024-02-19,97.08
2024-02-20,97.08
2024-02-21,96.97
2024-02-22,96.85
2024-02-23,96.78
2024-02-24,97.12
2024-02-25,97.21
2024-02-26,97.27
2024-02-27,97.26
2024-02-28,97.29
2024-02-29,97.39
2024-03-01,97.33
2024-03-02,97.23
2024-03-03,97.10
2024-03-04,97.02
2024-03-05,97.01
2024-03-06,97.03
2024-03-07,96.96
2024-03-08,97.09
2024-03-09,97.21
2024-03-10,97.24
2024-03-11,97.33
2024-03-12,97.29
2024-03-13,97.30
2024-03-14,97.27
2024-03-15,97.21
2024-03-16,97.12
2024-03-17,97.15
2024-03-18,97.19
2024-03-19,97.35
2024-03-20,97.34
2024-03-21,97.38
2024-03-22,97.51
2024-03-23,97.65
2024-03-24,97.73
2024-03-25,97.67
2024-03-26,97.56
2024-03-27,97.51
2024-03-28,97.45
2024-03-29,97.38
2024-03-30,97.42
2024-03-31,97.43
2024-04-01,97.40
2024-04-02,97.44
2024-04-03,97.46
2024-04-04,97.41
2024-04-05,97.29
2024-04-06,97.01
2024-04-07,96.76
2024-04-08,96.60
2024-04-09,96.45
2024-04-10,96.36
2024-04-11,96.32
2024-04-12,96.28
2024-04-13,96.31
2024-04-14,96.36
2024-04-15,96.44
2024-04-16,96.40
2024-04-17,96.37
2024-04-18,96.32
2024-04-19,96.27
2024-04-20,96.13
2024-04-21,96.05
2024-04-22,96.06
2024-04-23,96.05
2024-04-24,95.98
2024-04-25,95.94
2024-04-26,95.95
2024-04-27,96.05
2024-04-28,96.10
2024-04-29,96.09
2024-04-30,96.09
2024-05-01,96.13
2024-05-02,96.13
2024-05-03,96.11
2024-05-04,96.08
2024-05-05,95.89
2024-05-06,95.76
2024-05-07,95.65
2024-05-08,95.55
2024-05-09,95.47
2024-05-10,95.40
2024-05-11,95.23
2024-05-12,95.33
2024-05-13,95.22
2024-05-14,95.18
2024-05-15,95.10
2024-05-16,95.01
2024-05-17,94.84
2024-05-18,94.50
2024-05-19,93.95
2024-05-20,93.48
2024-05-21,92.96
2024-05-22,92.78
2024-05-23,92.69
2024-05-24,92.61
2024-05-25,92.74
2024-05-26,92.94
2024-05-27,93.23
2024-05-28,93.52
2024-05-29,93.29
2024-05-30,93.17
2024-05-31,93.10
2024-06-01,93.11
2024-06-02,93.08
2024-06-03,93.08
2024-06-04,93.02
2024-06-05,93.17
2024-06-06,93.12
2024-06-07,93.11
2024-06-08,93.11
2024-06-09,93.16
2024-06-10,93.16
2024-06-11,93.21
2024-06-12,93.16
2024-06-13,93.14
2024-06-14,93.05
2024-06-15,92.98
2024-06-16,93.01
2024-06-17,93.05
2024-06-18,93.09
2024-06-19,93.19
2024-06-20,93.27
2024-06-21,93.32
2024-06-22,93.33
2024-06-23,93.25
2024-06-24,93.19
2024-06-25,93.11
2024-06-26,93.06
2024-06-27,93.05
2024-06-28,93.03
2024-06-29,92.92
2024-06-30,92.88
2024-07-01,92.87
2024-07-02,92.92
2024-07-03,93.04
2024-07-04,93.27
2024-07-05,93.56
2024-07-06,93.93
2024-07-07,94.21
2024-07-08,94.47
2024-07-09,94.60
2024-07-10,94.66
2024-07-11,94.61
2024-07-12,94.54
2024-07-13,94.49
2024-07-14,94.42
2024-07-15,94.33
2024-07-16,94.42
2024-07-17,94.53
2024-07-18,94.62
2024-07-19,94.80
2024-07-20,94.75
2024-07-21,94.94
2024-07-22,95.06
2024-07-23,95.17
2024-07-24,95.27
2024-07-25,95.38
2024-07-26,95.38
2024-07-27,95.54
2024-07-28,95.46
2024-07-29,95.47
2024-07-30,95.36
2024-07-31,95.27
2024-08-01,95.09
2024-08-02,94.91
2024-08-03,94.74
2024-08-04,94.52
2024-08-05,94.31
2024-08-06,94.16
2024-08-07,93.98
2024-08-08,93.86
2024-08-09,93.70
2024-08-10,93.51
2024-08-11,93.44
2024-08-12,93.35
2024-08-13,93.23
2024-08-14,93.13
2024-08-15,93.06
2024-08-16,93.07
2024-08-17,93.12
2024-08-18,93.09
2024-08-19,93.04
2024-08-20,92.73
2024-08-21,92.43
2024-08-22,92.12
2024-08-23,91.81
2024-08-24,91.47
2024-08-25,91.14
2024-08-26,90.85
2024-08-27,90.78
2024-08-28,90.71
2024-08-29,90.60
2024-08-30,90.51
2024-08-31,90.48
2024-09-01,90.46
2024-09-02,90.45
2024-09-03,90.46
2024-09-04,90.41
2024-09-05,90.33
2024-09-06,90.28
2024-09-07,90.20
2024-09-08,90.10
2024-09-09,89.94
2024-09-10,89.77
2024-09-11,89.76
2024-09-12,89.65
2024-09-13,89.59
2024-09-14,89.53
2024-09-15,89.44
2024-09-16,89.40
2024-09-17,89.46
2024-09-18,89.47
2024-09-19,89.61
2024-09-20,89.69
2024-09-21,89.71
2024-09-22,89.80
2024-09-23,89.97
2024-09-24,89.97
2024-09-25,89.91
2024-09-26,89.91
2024-09-27,89.95
2024-09-28,90.08
2024-09-29,90.18
2024-09-30,90.27
2024-10-01,90.37
2024-10-02,90.44
2024-10-03,90.51
2024-10-04,90.56
2024-10-05,90.59
2024-10-06,90.63
2024-10-07,90.57
2024-10-08,90.58
2024-10-09,90.62
2024-10-10,90.59
2024-10-11,90.38
2024-10-12,90.15
2024-10-13,89.93
2024-10-14,89.71
2024-10-15,89.56
2024-10-16,89.35
2024-10-17,89.21
2024-10-18,89.09
2024-10-19,88.93
2024-10-20,88.84
2024-10-21,88.80
2024-10-22,88.72
2024-10-23,88.69
2024-10-24,88.57
2024-10-25,88.58
2024-10-26,88.63
2024-10-27,88.60
2024-10-28,88.57
2024-10-29,88.53
2024-10-30,88.48
2024-10-31,88.54
2024-11-01,88.49
2024-11-02,88.52
2024-11-03,88.57
2024-11-04,88.59
2024-11-05,88.63
2024-11-06,88.68
2024-11-07,88.69
2024-11-08,88.80
2024-11-09,88.84
2024-11-10,88.92
2024-11-11,89.02
2024-11-12,89.07
2024-11-13,89.16
2024-11-14,89.17
2024-11-15,89.20
2024-11-16,89.23
2024-11-17,89.21
2024-11-18,89.19
2024-11-19,89.18
2024-11-20,89.13
2024-11-21,89.14
2024-11-22,89.20
2024-11-23,89.20
2024-11-24,89.18
2024-11-25,89.20
2024-11-26,89.24
2024-11-27,89.32
2024-11-28,89.38
2024-11-29,89.36
2024-11-30,89.36
2024-12-01,89.35
2024-12-02,89.32
2024-12-03,89.25
2024-12-04,89.18
2024-12-05,89.08
2024-12-06,89.08
2024-12-07,89.11
2024-12-08,89.14
2024-12-09,89.27
2024-12-10,89.31
2024-12-11,89.14
2024-12-12,89.18
2024-12-13,89.11
2024-12-14,89.00
2024-12-15,88.89
2024-12-16,88.71
2024-12-17,88.62
2024-12-18,88.49
2024-12-19,88.30
2024-12-20,88.19
2024-12-21,88.14
2024-12-22,88.06
2024-12-23,87.99
2024-12-24,87.84
2024-12-25,87.95
2024-12-26,88.02
2024-12-27,87.91
2024-12-28,87.83
2024-12-29,87.81
2024-12-30,87.72
2024-12-31,87.70
2025-01-01,87.60
2025-01-02,87.45
2025-01-03,87.44
2025-01-04,87.41
2025-01-05,87.45
2025-01-06,87.44
2025-01-07,87.42
2025-01-08,87.56
2025-01-09,87.69
2025-01-10,87.77
2025-01-11,87.81
2025-01-12,87.80
2025-01-13,87.84
2025-01-14,87.86
2025-01-15,87.80
2025-01-16,87.69
2025-01-17,87.60
2025-01-18,87.44
2025-01-19,87.33
2025-01-20,87.20
2025-01-21,87.13
2025-01-22,87.00
2025-01-23,86.84
2025-01-24,86.74
2025-01-25,86.72
2025-01-26,86.59
2025-01-27,86.42
2025-01-28,86.19
2025-01-29,86.06
2025-01-30,85.93
2025-01-31,85.77
2025-02-01,85.59
2025-02-02,85.47
2025-02-03,85.37
2025-02-04,85.37
2025-02-05,85.37
2025-02-06,85.39
2025-02-07,85.45
2025-02-08,85.53
2025-02-09,85.60
2025-02-10,85.64
2025-02-11,85.73
2025-02-12,85.77
2025-02-13,85.82
2025-02-14,85.83
2025-02-15,85.69
2025-02-16,85.75
2025-02-17,85.83
2025-02-18,85.81
2025-02-19,85.77
2025-02-20,85.70
2025-02-21,85.65
2025-02-22,85.77
2025-02-23,85.67
2025-02-24,85.55
2025-02-25,85.57
2025-02-26,85.48
2025-02-27,85.45
2025-02-28,85.42
2025-03-01,85.25
2025-03-02,85.15
2025-03-03,85.04
2025-03-04,84.76
2025-03-05,84.57
2025-03-06,84.41
2025-03-07,84.27
2025-03-08,84.20
2025-03-09,84.14
2025-03-10,84.04
2025-03-11,83.86
2025-03-12,83.86
2025-03-13,83.88
2025-03-14,83.85
2025-03-15,83.87
2025-03-16,83.86
2025-03-17,83.94
2025-03-18,84.24
2025-03-19,84.40
2025-03-20,84.37
2025-03-21,84.33
2025-03-22,84.38
2025-03-23,84.34
2025-03-24,84.29
2025-03-25,84.14
2025-03-26,83.96
2025-03-27,83.91
2025-03-28,83.85
2025-03-29,83.69
2025-03-30,83.65
2025-03-31,83.58
2025-04-01,83.48
2025-04-02,83.43
2025-04-03,83.57
2025-04-04,83.75
2025-04-05,83.76
2025-04-06,83.66
2025-04-07,83.58
2025-04-08,83.56
2025-04-09,83.59
2025-04-10,83.36
2025-04-11,83.13
2025-04-12,83.10
2025-04-13,83.12
2025-04-14,83.16
2025-04-15,83.23
2025-04-16,83.20
2025-04-17,83.30
2025-04-18,83.35
2025-04-19,83.39
2025-04-20,83.50
2025-04-21,83.56
2025-04-22,83.63
2025-04-23,83.77
2025-04-24,83.69
2025-04-25,83.60
2025-04-26,83.48
2025-04-27,83.42
2025-04-28,83.36
2025-04-29,83.16
2025-04-30,82.97
2025-05-01,82.64
2025-05-02,82.62
2025-05-03,82.70
2025-05-04,82.68
2025-05-05,82.10
2025-05-06,82.08
2025-05-07,82.03
2025-05-08,82.13
2025-05-09,82.02
2025-05-10,81.82
2025-05-11,81.61
2025-05-12,82.11
2025-05-13,82.04
2025-05-14,81.97
2025-05-15,82.06
2025-05-16,82.12
2025-05-17,82.04
2025-05-18,82.15
2025-05-19,82.16
2025-05-20,82.25
2025-05-21,82.32
2025-05-22,82.26
2025-05-23,82.22
2025-05-24,82.28
2025-05-25,82.15
2025-05-26,82.00
2025-05-27,81.81
2025-05-28,81.66
2025-05-29,81.62
2025-05-30,81.39
2025-05-31,81.41
2025-06-01,81.48
2025-06-02,81.50
2025-06-03,81.58
2025-06-04,81.79
2025-06-05,82.00
2025-06-06,82.37
2025-06-07,82.44
2025-06-08,82.42
2025-06-09,82.43
2025-06-10,82.34
2025-06-11,82.27
2025-06-12,82.46
2025-06-13,82.59
2025-06-14,82.73
2025-06-15,83.02
2025-06-16,83.30
2025-06-17,83.65
2025-06-18,83.84
2025-06-19,83.77
2025-06-20,83.70
2025-06-21,83.72
2025-06-22,83.64
2025-06-23,83.61
2025-06-24,83.60
2025-06-25,83.60
2025-06-26,83.60
2025-06-27,83.67
2025-06-28,83.66
2025-06-29,83.72
2025-06-30,83.78
2025-07-01,83.86
2025-07-02,83.89
2025-07-03,83.92
2025-07-04,83.93
2025-07-05,84.00
2025-07-06,84.01
2025-07-07,84.01
2025-07-08,83.83
2025-07-09,84.20
2025-07-10,84.54
2025-07-11,84.84
2025-07-12,85.16
2025-07-13,85.46
2025-07-14,85.77
2025-07-15,86.28
2025-07-16,85.86
2025-07-17,85.45
2025-07-18,85.07
2025-07-19,84.60
2025-07-20,84.30
2025-07-21,83.92
2025-07-22,83.52
2025-07-23,83.58
2025-07-24,83.64
2025-07-25,83.74
2025-07-26,83.95
2025-07-27,83.98
2025-07-28,84.01
2025-07-29,84.08
2025-07-30,84.07
2025-07-31,84.11
2025-08-01,84.11
2025-08-02,84.05
2025-08-03,84.04
2025-08-04,84.02
2025-08-05,83.93
2025-08-06,83.90
2025-08-07,83.82
2025-08-08,83.76
2025-08-09,83.72
2025-08-10,83.68
2025-08-11,83.61
2025-08-12,83.64
2025-08-13,83.75
2025-08-14,83.95
2025-08-15,84.22
2025-08-16,84.58
2025-08-17,85.01
2025-08-18,85.60
2025-08-19,86.19
2025-08-20,86.78
2025-08-21,87.38
2025-08-22,87.86
2025-08-23,88.21
2025-08-24,88.48
2025-08-25,88.68
2025-08-26,88.81
2025-08-27,88.86
2025-08-28,88.80
2025-08-29,88.79
2025-08-30,88.82
2025-08-31,88.84
2025-09-01,88.85
2025-09-02,88.79
2025-09-03,88.78
2025-09-04,88.83
2025-09-05,88.89
2025-09-06,88.99
2025-09-07,89.08
2025-09-08,88.99
2025-09-09,89.10
2025-09-10,89.13
2025-09-11,89.21
2025-09-12,89.26
2025-09-13,89.21
2025-09-14,89.13
2025-09-15,89.24
2025-09-16,89.17
2025-09-17,89.19
2025-09-18,89.14
2025-09-19,89.07
2025-09-20,89.10
2025-09-21,89.13
2025-09-22,89.18
2025-09-23,89.22
2025-09-24,89.23
2025-09-25,89.20
2025-09-26,89.14
2025-09-27,89.00
2025-09-28,88.97
2025-09-29,88.88
2025-09-30,88.91
2025-10-01,88.87
2025-10-02,88.83
2025-10-03,88.86
2025-10-04,88.91
2025-10-05,88.88
2025-10-06,88.89
2025-10-07,88.81
2025-10-08,88.76
2025-10-09,88.72
2025-10-10,88.64
2025-10-11,88.65
2025-10-12,88.58
2025-10-13,88.43
2025-10-14,88.32
2025-10-15,88.26
2025-10-16,88.08
2025-10-17,87.84
2025-10-18,87.61
2025-10-19,87.59
2025-10-20,87.56
2025-10-21,87.37
2025-10-22,87.31
2025-10-23,87.26
2025-10-24,87.38
2025-10-25,87.28
2025-10-26,87.04
2025-10-27,87.01
2025-10-28,87.15
2025-10-29,87.11
2025-10-30,87.25
2025-10-31,87.24
2025-11-01,87.07
2025-11-02,87.24
2025-11-03,87.27
2025-11-04,87.27
2025-11-05,87.30
2025-11-06,87.28
2025-11-07,87.36
2025-11-08,87.75
2025-11-09,87.85
2025-11-10,87.72
2025-11-11,87.74
2025-11-12,87.72
2025-11-13,87.70
2025-11-14,87.57
2025-11-15,87.64
2025-11-16,87.68
2025-11-17,87.80
2025-11-18,87.82
2025-11-19,87.80
2025-11-20,87.91
2025-11-21,88.06
2025-11-22,88.18
2025-11-23,88.23
2025-11-24,88.36
2025-11-25,88.47
2025-11-26,88.64
2025-11-27,88.81
2025-11-28,88.93
2025-11-29,88.89
2025-11-30,88.89
2025-12-01,88.90
2025-12-02,88.94
2025-12-03,88.89
2025-12-04,88.82
2025-12-05,88.91
2025-12-06,89.15
2025-12-07,89.29
2025-12-08,89.43
2025-12-09,89.37
2025-12-10,89.45
2025-12-11,89.39
2025-12-12,89.31
2025-12-13,89.21
2025-12-14,89.27
2025-12-15,89.13
2025-12-16,89.24
2025-12-17,90.09
2025-12-18,90.95
2025-12-19,91.61
2025-12-20,91.97
2025-12-21,92.06
2025-12-22,92.71
2025-12-23,93.40
2025-12-24,93.19
2025-12-25,93.04
2025-12-26,92.58
2025-12-27,92.30
2025-12-28,92.30
2025-12-29,91.84
2025-12-30,91.41
2025-12-31,91.09
2026-01-01,90.62
2026-01-02,90.60
2026-01-03,90.58
2026-01-04,90.48
2026-01-05,90.56
2026-01-06,90.56
2026-01-07,90.54
2026-01-08,90.55
2026-01-09,90.60
2026-01-10,90.69
2026-01-11,90.84
2026-01-12,90.88
2026-01-13,90.97
2026-01-14,91.17
2026-01-15,91.45
2026-01-16,91.59
2026-01-17,91.88
2026-01-18,92.08
2026-01-19,92.33
2026-01-20,92.45
2026-01-21,92.55
2026-01-22,92.66
2026-01-23,92.76
2026-01-24,92.69
2026-01-25,92.71
2026-01-26,92.61
2026-01-27,92.57
2026-01-28,92.43
2026-01-29,92.22
2026-01-30,92.04
2026-01-31,91.96
2026-02-01,91.84
2026-02-02,91.79
2026-02-03,91.71
2026-02-04,91.63
2026-02-05,91.56
2026-02-06,91.71
2026-02-07,91.62
2026-02-08,91.56
2026-02-09,91.50
2026-02-10,91.49
2026-02-11,91.53
2026-02-12,91.72
2026-02-13,91.77
2026-02-14,91.90
2026-02-15,92.06
2026-02-16,92.21
2026-02-17,92.22
2026-02-18,92.34
2026-02-19,92.24
2026-02-20,92.19
2026-02-21,92.18
2026-02-22,92.02
2026-02-23,91.77
2026-02-24,91.70
2026-02-25,91.61
2026-02-26,91.67
2026-02-27,91.59
2026-02-28,91.50
2026-03-01,91.48
2026-03-02,91.57
2026-03-03,91.41
2026-03-04,91.29
2026-03-05,91.13
2026-03-06,91.05
